-- MySQL dump 10.13  Distrib 8.0.29, for Win64 (x86_64)
--
-- Host: 127.0.0.1    Database: projeto
-- ------------------------------------------------------
-- Server version	8.0.29

/*!40101 SET @OLD_CHARACTER_SET_CLIENT=@@CHARACTER_SET_CLIENT */;
/*!40101 SET @OLD_CHARACTER_SET_RESULTS=@@CHARACTER_SET_RESULTS */;
/*!40101 SET @OLD_COLLATION_CONNECTION=@@COLLATION_CONNECTION */;
/*!50503 SET NAMES utf8 */;
/*!40103 SET @OLD_TIME_ZONE=@@TIME_ZONE */;
/*!40103 SET TIME_ZONE='+00:00' */;
/*!40014 SET @OLD_UNIQUE_CHECKS=@@UNIQUE_CHECKS, UNIQUE_CHECKS=0 */;
/*!40014 SET @OLD_FOREIGN_KEY_CHECKS=@@FOREIGN_KEY_CHECKS, FOREIGN_KEY_CHECKS=0 */;
/*!40101 SET @OLD_SQL_MODE=@@SQL_MODE, SQL_MODE='NO_AUTO_VALUE_ON_ZERO' */;
/*!40111 SET @OLD_SQL_NOTES=@@SQL_NOTES, SQL_NOTES=0 */;

--
-- Table structure for table `equipes`
--

DROP TABLE IF EXISTS `equipes`;
/*!40101 SET @saved_cs_client     = @@character_set_client */;
/*!50503 SET character_set_client = utf8mb4 */;
CREATE TABLE `equipes` (
  `id` int NOT NULL AUTO_INCREMENT,
  `nome` varchar(45) DEFAULT NULL,
  PRIMARY KEY (`id`)
) ENGINE=InnoDB AUTO_INCREMENT=5 DEFAULT CHARSET=utf8mb4 COLLATE=utf8mb4_0900_ai_ci;
/*!40101 SET character_set_client = @saved_cs_client */;

--
-- Dumping data for table `equipes`
--

LOCK TABLES `equipes` WRITE;
/*!40000 ALTER TABLE `equipes` DISABLE KEYS */;
INSERT INTO `equipes` VALUES (1,'Barcelona'),(2,'Real Madrid'),(3,'Azul'),(4,'Preto');
/*!40000 ALTER TABLE `equipes` ENABLE KEYS */;
UNLOCK TABLES;

--
-- Table structure for table `jogador_gols`
--

DROP TABLE IF EXISTS `jogador_gols`;
/*!40101 SET @saved_cs_client     = @@character_set_client */;
/*!50503 SET character_set_client = utf8mb4 */;
CREATE TABLE `jogador_gols` (
  `id` int NOT NULL AUTO_INCREMENT,
  `jogador_id` int DEFAULT NULL,
  `equipe_id` int DEFAULT NULL,
  `gols` int DEFAULT NULL,
  `gols_sofridos` int DEFAULT NULL,
  `gol_contra` int DEFAULT NULL,
  `data` datetime DEFAULT NULL,
  `created_at` datetime DEFAULT NULL,
  `updated_at` datetime DEFAULT NULL,
  `temporada_id` int NOT NULL,
  PRIMARY KEY (`id`),
  KEY `fk_equipes_jogador_gols_idx` (`equipe_id`) /*!80000 INVISIBLE */,
  KEY `fk_jogadores_jogador_gols_idx` (`jogador_id`),
  CONSTRAINT `fk_equipes_jogador_gols` FOREIGN KEY (`equipe_id`) REFERENCES `equipes` (`id`),
  CONSTRAINT `fk_jogadores_jogador_gols` FOREIGN KEY (`jogador_id`) REFERENCES `jogadores` (`id`)
) ENGINE=InnoDB AUTO_INCREMENT=188 DEFAULT CHARSET=utf8mb4 COLLATE=utf8mb4_0900_ai_ci;
/*!40101 SET character_set_client = @saved_cs_client */;

--
-- Dumping data for table `jogador_gols`
--

LOCK TABLES `jogador_gols` WRITE;
/*!40000 ALTER TABLE `jogador_gols` DISABLE KEYS */;
INSERT INTO `jogador_gols` VALUES (1,1,4,3,NULL,NULL,'2023-02-12 00:00:00','2023-02-20 10:24:46','2023-02-20 10:24:46',1),(2,2,4,2,NULL,NULL,'2023-02-12 00:00:00','2023-02-20 10:26:24','2023-03-14 21:59:56',1),(3,3,4,1,NULL,NULL,'2023-02-12 00:00:00','2023-02-20 10:27:30','2023-03-14 21:54:07',1),(4,4,4,1,NULL,NULL,'2023-02-12 00:00:00','2023-02-20 10:28:11','2023-03-14 21:54:32',1),(5,5,4,1,NULL,NULL,'2023-02-12 00:00:00','2023-02-20 10:29:05','2023-03-14 21:54:53',1),(6,6,3,1,NULL,NULL,'2023-02-12 00:00:00','2023-02-20 10:30:15','2023-03-14 21:55:15',1),(7,7,3,1,NULL,NULL,'2023-02-12 00:00:00','2023-02-20 10:30:32','2023-03-14 22:00:32',1),(8,8,3,1,NULL,NULL,'2023-02-12 00:00:00','2023-02-20 10:30:46','2023-03-14 21:52:20',1),(9,9,3,1,NULL,NULL,'2023-02-19 00:00:00','2023-02-20 10:36:51','2023-02-20 10:36:51',1),(10,10,3,2,NULL,NULL,'2023-02-19 00:00:00','2023-02-20 10:37:16','2023-02-20 10:37:16',1),(11,11,3,1,NULL,NULL,'2023-02-19 00:00:00','2023-02-20 10:37:35','2023-02-20 10:37:35',1),(12,12,4,2,NULL,NULL,'2023-02-19 00:00:00','2023-02-20 10:37:52','2023-02-20 10:37:52',1),(13,13,4,1,NULL,NULL,'2023-02-19 00:00:00','2023-02-20 10:38:08','2023-02-20 10:38:08',1),(14,14,4,1,NULL,NULL,'2023-02-19 00:00:00','2023-02-20 10:38:26','2023-02-20 10:38:26',1),(15,15,3,1,NULL,NULL,'2023-02-19 00:00:00','2023-02-20 10:38:38','2023-02-20 10:38:38',1),(16,8,3,2,NULL,NULL,'2023-02-19 00:00:00','2023-02-20 10:39:17','2023-02-20 10:39:17',1),(17,16,3,NULL,8,NULL,'2023-02-12 00:00:00','2023-02-20 10:46:15','2023-02-20 10:46:15',1),(18,17,4,NULL,3,NULL,'2023-02-12 00:00:00','2023-02-20 10:47:28','2023-02-20 10:47:28',1),(19,17,4,NULL,7,NULL,'2023-02-19 00:00:00','2023-02-20 10:48:45','2023-02-20 10:48:45',1),(20,16,3,NULL,1,NULL,'2023-02-19 00:00:00','2023-02-20 10:49:45','2023-02-20 10:49:45',1),(21,18,3,NULL,3,NULL,'2023-02-19 00:00:00','2023-02-20 10:50:40','2023-02-20 10:50:40',1),(22,10,3,2,NULL,NULL,'2023-02-26 00:00:00','2023-02-27 00:44:59','2023-02-27 00:44:59',1),(23,2,3,1,NULL,NULL,'2023-02-26 00:00:00','2023-02-27 00:45:27','2023-02-27 00:45:27',1),(24,19,3,1,NULL,NULL,'2023-02-26 00:00:00','2023-02-27 00:46:38','2023-02-27 00:46:38',1),(25,20,4,1,NULL,NULL,'2023-02-26 00:00:00','2023-02-27 00:48:25','2023-02-27 00:48:25',1),(26,17,4,NULL,4,NULL,'2023-02-26 00:00:00','2023-02-27 00:48:57','2023-02-27 00:48:57',1),(27,18,3,NULL,1,NULL,'2023-02-26 00:00:00','2023-02-27 00:49:18','2023-02-27 00:49:18',1),(28,20,4,2,NULL,NULL,'2023-03-05 00:00:00','2023-03-06 00:58:06','2023-03-06 00:58:06',1),(29,11,3,1,NULL,NULL,'2023-03-05 00:00:00','2023-03-06 00:58:34','2023-03-06 00:58:34',1),(30,21,3,1,NULL,NULL,'2023-03-05 00:00:00','2023-03-06 00:59:21','2023-03-06 00:59:21',1),(31,1,3,1,NULL,NULL,'2023-03-05 00:00:00','2023-03-06 00:59:49','2023-03-06 00:59:49',1),(32,7,3,1,NULL,NULL,'2023-03-05 00:00:00','2023-03-06 01:00:09','2023-03-06 01:00:09',1),(33,17,4,NULL,4,NULL,'2023-03-05 00:00:00','2023-03-06 01:00:41','2023-03-06 01:01:13',1),(34,22,3,NULL,1,NULL,'2023-03-05 00:00:00','2023-03-06 01:02:05','2023-03-06 01:02:05',1),(35,9,4,NULL,1,NULL,'2023-03-05 00:00:00','2023-03-06 01:02:24','2023-03-06 01:02:24',1),(36,1,4,2,NULL,NULL,'2023-03-12 00:00:00','2023-03-13 00:49:37','2023-03-13 00:49:37',1),(37,2,3,1,NULL,NULL,'2023-03-12 00:00:00','2023-03-13 00:50:08','2023-03-13 00:50:08',1),(38,8,3,2,NULL,NULL,'2023-03-12 00:00:00','2023-03-13 00:50:35','2023-03-13 00:50:35',1),(39,7,3,2,NULL,NULL,'2023-03-12 00:00:00','2023-03-13 00:51:03','2023-03-13 00:51:03',1),(40,19,4,1,NULL,NULL,'2023-03-12 00:00:00','2023-03-13 00:52:05','2023-03-13 00:52:05',1),(41,17,4,NULL,6,NULL,'2023-03-12 00:00:00','2023-03-13 00:52:46','2023-03-13 00:52:46',1),(42,18,3,NULL,2,NULL,'2023-03-12 00:00:00','2023-03-13 00:53:18','2023-03-13 00:53:56',1),(43,22,3,NULL,1,NULL,'2023-03-12 00:00:00','2023-03-13 00:53:39','2023-03-13 00:56:49',1),(44,23,3,1,NULL,NULL,'2023-03-12 00:00:00','2023-03-13 00:54:54','2023-03-13 00:54:54',1),(45,1,3,2,NULL,NULL,'2023-03-19 00:00:00','2023-03-20 11:33:55','2023-03-20 11:33:55',1),(46,8,3,2,NULL,NULL,'2023-03-19 00:00:00','2023-03-20 11:34:37','2023-03-20 11:34:37',1),(47,10,3,1,NULL,NULL,'2023-03-19 00:00:00','2023-03-20 11:35:09','2023-03-20 11:35:09',1),(48,19,4,1,NULL,NULL,'2023-03-19 00:00:00','2023-03-20 11:35:27','2023-03-20 11:35:39',1),(49,9,4,NULL,4,NULL,'2023-03-19 00:00:00','2023-03-20 11:36:46','2023-03-20 11:36:46',1),(50,3,4,NULL,1,NULL,'2023-03-19 00:00:00','2023-03-20 11:37:19','2023-03-20 11:37:19',1),(51,16,3,NULL,1,NULL,'2023-03-19 00:00:00','2023-03-20 11:37:41','2023-03-20 11:37:41',1),(52,15,3,2,NULL,NULL,'2023-03-26 00:00:00','2023-03-27 01:10:47','2023-03-27 01:10:47',1),(53,12,3,3,NULL,NULL,'2023-03-26 00:00:00','2023-03-27 01:11:09','2023-03-27 01:11:09',1),(54,11,3,1,NULL,NULL,'2023-03-26 00:00:00','2023-03-27 01:11:33','2023-03-27 01:11:33',1),(55,2,3,1,NULL,NULL,'2023-03-26 00:00:00','2023-03-27 01:12:01','2023-03-27 01:12:01',1),(56,19,4,1,NULL,NULL,'2023-03-26 00:00:00','2023-03-27 01:12:26','2023-03-27 01:12:26',1),(57,6,4,1,NULL,NULL,'2023-03-26 00:00:00','2023-03-27 01:12:50','2023-03-27 01:12:50',1),(58,1,4,1,NULL,NULL,'2023-03-26 00:00:00','2023-03-27 01:13:10','2023-03-27 01:13:10',1),(59,3,4,1,NULL,NULL,'2023-03-26 00:00:00','2023-03-27 01:13:38','2023-03-27 01:13:38',1),(60,18,4,NULL,7,NULL,'2023-03-26 00:00:00','2023-03-27 01:15:28','2023-03-27 01:15:28',1),(61,17,3,NULL,4,NULL,'2023-03-26 00:00:00','2023-03-27 01:15:50','2023-03-27 01:15:50',1),(62,1,4,2,NULL,NULL,'2023-04-02 00:00:00','2023-04-03 11:15:44','2023-04-03 11:15:44',1),(63,19,4,1,NULL,NULL,'2023-04-02 00:00:00','2023-04-03 11:16:12','2023-04-03 11:16:12',1),(64,12,4,1,NULL,NULL,'2023-04-02 00:00:00','2023-04-03 11:16:37','2023-04-03 11:16:37',1),(65,2,3,2,NULL,NULL,'2023-04-02 00:00:00','2023-04-03 11:18:19','2023-04-03 11:18:19',1),(66,15,3,1,NULL,NULL,'2023-04-02 00:00:00','2023-04-03 11:18:39','2023-04-03 11:18:39',1),(67,7,3,1,NULL,NULL,'2023-04-02 00:00:00','2023-04-03 11:19:00','2023-04-03 11:19:00',1),(68,24,3,1,NULL,NULL,'2023-04-02 00:00:00','2023-04-03 11:19:53','2023-04-03 11:19:53',1),(69,25,3,1,NULL,NULL,'2023-04-02 00:00:00','2023-04-03 11:20:37','2023-04-03 11:20:37',1),(70,18,3,NULL,5,NULL,'2023-04-02 00:00:00','2023-04-03 11:25:22','2023-04-03 11:25:22',1),(71,9,4,NULL,2,NULL,'2023-04-02 00:00:00','2023-04-03 11:25:59','2023-04-03 11:25:59',1),(72,3,4,NULL,4,NULL,'2023-04-02 00:00:00','2023-04-03 11:26:16','2023-04-03 11:26:16',1),(73,10,3,NULL,NULL,1,'2023-04-02 00:00:00','2023-04-03 11:28:16','2023-04-03 11:28:16',1),(74,1,4,4,NULL,NULL,'2023-04-09 00:00:00','2023-04-10 12:55:18','2023-04-10 12:55:18',1),(75,2,4,1,NULL,NULL,'2023-04-09 00:00:00','2023-04-10 12:55:35','2023-04-10 12:55:35',1),(76,8,3,2,NULL,NULL,'2023-04-09 00:00:00','2023-04-10 12:55:48','2023-04-10 12:55:48',1),(77,10,3,1,NULL,NULL,'2023-04-09 00:00:00','2023-04-10 12:56:07','2023-04-10 12:56:07',1),(78,19,3,2,NULL,NULL,'2023-04-09 00:00:00','2023-04-10 12:56:40','2023-04-10 12:56:40',1),(79,17,3,NULL,6,NULL,'2023-04-09 00:00:00','2023-04-10 12:57:46','2023-04-10 12:57:46',1),(80,18,4,NULL,5,NULL,'2023-04-09 00:00:00','2023-04-10 12:58:02','2023-04-10 12:58:02',1),(81,26,4,1,NULL,NULL,'2023-04-09 00:00:00','2023-04-10 13:03:44','2023-04-10 13:03:44',1),(82,8,3,1,NULL,NULL,'2023-04-16 00:00:00','2023-04-19 11:30:09','2023-04-19 11:30:09',1),(83,6,3,1,NULL,NULL,'2023-04-16 00:00:00','2023-04-19 11:30:29','2023-04-19 11:30:29',1),(84,10,3,1,NULL,NULL,'2023-04-16 00:00:00','2023-04-19 11:30:44','2023-04-19 11:30:44',1),(85,17,4,NULL,3,NULL,'2023-04-16 00:00:00','2023-04-19 11:31:06','2023-04-19 11:31:06',1),(86,1,4,1,NULL,NULL,'2023-04-23 00:00:00','2023-04-24 18:03:40','2023-04-24 18:03:40',1),(87,19,4,1,NULL,NULL,'2023-04-23 00:00:00','2023-04-24 18:04:00','2023-04-24 18:04:00',1),(88,26,4,1,NULL,NULL,'2023-04-23 00:00:00','2023-04-24 18:04:46','2023-04-24 18:04:46',1),(89,8,3,1,NULL,NULL,'2023-04-23 00:00:00','2023-04-24 18:05:04','2023-04-24 18:05:04',1),(90,15,3,1,NULL,NULL,'2023-04-23 00:00:00','2023-04-24 18:05:22','2023-04-24 18:05:22',1),(91,6,3,3,NULL,NULL,'2023-04-23 00:00:00','2023-04-24 18:05:41','2023-04-24 18:05:41',1),(92,11,3,2,NULL,NULL,'2023-04-23 00:00:00','2023-04-24 18:05:59','2023-04-24 18:05:59',1),(93,27,3,1,NULL,NULL,'2023-04-23 00:00:00','2023-04-24 18:08:56','2023-04-24 18:08:56',1),(94,17,3,NULL,1,NULL,'2023-04-23 00:00:00','2023-04-24 18:09:22','2023-04-24 18:09:22',1),(95,18,3,NULL,2,NULL,'2023-04-23 00:00:00','2023-04-24 18:09:43','2023-04-24 18:09:43',1),(96,16,4,NULL,8,NULL,'2023-04-23 00:00:00','2023-04-24 18:10:00','2023-04-24 18:10:00',1),(97,8,3,2,NULL,NULL,'2023-04-30 00:00:00','2023-04-30 15:06:15','2023-04-30 15:06:15',1),(98,2,3,1,NULL,NULL,'2023-04-30 00:00:00','2023-04-30 15:06:37','2023-04-30 15:06:37',1),(99,6,3,1,NULL,NULL,'2023-04-30 00:00:00','2023-04-30 15:06:57','2023-04-30 15:06:57',1),(100,12,3,2,NULL,NULL,'2023-04-30 00:00:00','2023-04-30 15:07:17','2023-04-30 15:07:17',1),(101,15,3,1,NULL,NULL,'2023-04-30 00:00:00','2023-04-30 15:07:36','2023-04-30 15:07:36',1),(102,9,4,1,NULL,NULL,'2023-04-30 00:00:00','2023-04-30 15:07:57','2023-04-30 15:07:57',1),(103,17,3,NULL,1,NULL,'2023-04-30 00:00:00','2023-04-30 15:08:14','2023-04-30 15:08:14',1),(104,18,4,NULL,7,NULL,'2023-04-30 00:00:00','2023-04-30 15:08:34','2023-04-30 15:08:34',1),(105,7,3,1,NULL,NULL,'2023-05-07 00:00:00','2023-05-08 13:01:00','2023-05-08 13:01:00',1),(106,28,3,1,NULL,NULL,'2023-05-07 00:00:00','2023-05-08 13:01:51','2023-05-08 13:01:51',1),(107,27,3,1,NULL,NULL,'2023-05-07 00:00:00','2023-05-08 13:02:07','2023-05-08 13:02:07',1),(108,1,3,1,NULL,NULL,'2023-05-07 00:00:00','2023-05-08 13:02:25','2023-05-08 13:02:25',1),(109,11,3,1,NULL,NULL,'2023-05-07 00:00:00','2023-05-08 13:02:42','2023-05-08 13:02:42',1),(110,12,4,2,NULL,NULL,'2023-05-07 00:00:00','2023-05-08 13:03:04','2023-05-08 13:03:04',1),(111,19,4,1,NULL,NULL,'2023-05-07 00:00:00','2023-05-08 13:03:22','2023-05-08 13:03:22',1),(112,6,4,1,NULL,NULL,'2023-05-07 00:00:00','2023-05-08 13:03:38','2023-05-08 13:03:38',1),(113,16,4,NULL,6,NULL,'2023-05-07 00:00:00','2023-05-08 13:03:57','2023-05-08 13:03:57',1),(114,8,3,NULL,4,NULL,'2023-05-07 00:00:00','2023-05-08 13:04:25','2023-05-08 13:04:25',1),(115,2,3,1,NULL,NULL,'2023-05-07 00:00:00','2023-05-08 13:07:17','2023-05-08 13:07:17',1),(116,1,3,1,NULL,NULL,'2023-05-13 00:00:00','2023-05-17 11:59:41','2023-05-17 11:59:41',1),(117,2,3,1,NULL,NULL,'2023-05-13 00:00:00','2023-05-17 11:59:59','2023-05-17 11:59:59',1),(118,8,4,2,NULL,NULL,'2023-05-13 00:00:00','2023-05-17 12:00:21','2023-05-17 12:00:21',1),(119,12,4,1,NULL,NULL,'2023-05-13 00:00:00','2023-05-17 12:00:38','2023-05-17 12:00:38',1),(120,17,4,NULL,2,NULL,'2023-05-13 00:00:00','2023-05-17 12:01:24','2023-05-17 12:01:24',1),(121,3,3,NULL,3,NULL,'2023-05-13 00:00:00','2023-05-17 12:01:51','2023-05-17 12:01:51',1),(122,1,4,4,NULL,NULL,'2023-05-21 00:00:00','2023-05-24 14:00:50','2023-05-24 14:00:50',1),(123,7,4,1,NULL,NULL,'2023-05-21 00:00:00','2023-05-24 14:01:11','2023-05-24 14:01:11',1),(124,15,4,1,NULL,NULL,'2023-05-21 00:00:00','2023-05-24 14:01:38','2023-05-24 14:01:38',1),(125,2,3,3,NULL,NULL,'2023-05-21 00:00:00','2023-05-24 14:01:57','2023-05-24 14:01:57',1),(126,21,3,1,NULL,NULL,'2023-05-21 00:00:00','2023-05-24 14:02:17','2023-05-24 14:02:17',1),(127,8,3,1,NULL,NULL,'2023-05-21 00:00:00','2023-05-24 14:02:31','2023-05-24 14:02:31',1),(128,19,3,1,NULL,NULL,'2023-05-21 00:00:00','2023-05-24 14:02:48','2023-05-24 14:02:48',1),(129,17,4,NULL,6,NULL,'2023-05-21 00:00:00','2023-05-24 14:03:05','2023-05-24 14:03:05',1),(130,18,3,NULL,3,NULL,'2023-05-21 00:00:00','2023-05-24 14:03:56','2023-05-24 14:03:56',1),(131,16,3,NULL,3,NULL,'2023-05-21 00:00:00','2023-05-24 14:04:10','2023-05-24 14:04:10',1),(132,1,3,2,NULL,NULL,'2023-05-28 00:00:00','2023-05-31 01:53:30','2023-05-31 01:53:30',1),(133,5,4,1,NULL,NULL,'2023-05-28 00:00:00','2023-05-31 01:54:07','2023-05-31 01:54:07',1),(134,2,4,1,NULL,NULL,'2023-05-28 00:00:00','2023-05-31 01:54:30','2023-05-31 01:54:30',1),(135,11,3,1,NULL,NULL,'2023-05-28 00:00:00','2023-05-31 01:54:55','2023-05-31 01:54:55',1),(136,19,3,2,NULL,NULL,'2023-05-28 00:00:00','2023-05-31 01:56:07','2023-05-31 01:56:07',1),(137,29,4,1,NULL,NULL,'2023-05-28 00:00:00','2023-05-31 01:57:15','2023-05-31 01:57:15',1),(138,16,3,NULL,3,NULL,'2023-05-28 00:00:00','2023-05-31 01:58:03','2023-05-31 01:58:03',1),(139,18,4,NULL,5,NULL,'2023-05-28 00:00:00','2023-05-31 01:58:18','2023-05-31 01:58:18',1),(140,1,3,2,NULL,NULL,'2023-06-04 00:00:00','2023-06-06 12:26:04','2023-06-06 12:26:04',1),(141,8,3,3,NULL,NULL,'2023-06-04 00:00:00','2023-06-06 12:26:20','2023-06-06 12:26:20',1),(142,2,4,2,NULL,NULL,'2023-06-04 00:00:00','2023-06-06 12:26:35','2023-06-06 12:26:35',1),(143,27,3,2,NULL,NULL,'2023-06-04 00:00:00','2023-06-06 12:27:04','2023-06-06 12:27:04',1),(144,6,4,1,NULL,NULL,'2023-06-04 00:00:00','2023-06-06 12:27:27','2023-06-06 12:27:27',1),(145,19,4,1,NULL,NULL,'2023-06-04 00:00:00','2023-06-06 12:27:41','2023-06-06 12:27:41',1),(146,13,3,1,NULL,NULL,'2023-06-04 00:00:00','2023-06-06 12:28:02','2023-06-06 12:28:02',1),(147,16,4,NULL,8,NULL,'2023-06-04 00:00:00','2023-06-06 12:29:27','2023-06-06 12:29:27',1),(148,17,3,NULL,4,NULL,'2023-06-04 00:00:00','2023-06-06 12:29:48','2023-06-06 12:29:48',1),(149,2,4,1,NULL,NULL,'2023-06-11 00:00:00','2023-06-15 10:52:58','2023-06-15 10:52:58',1),(150,19,4,1,NULL,NULL,'2023-06-11 00:00:00','2023-06-15 10:53:16','2023-06-15 10:53:16',1),(151,12,4,2,NULL,NULL,'2023-06-11 00:00:00','2023-06-15 10:53:30','2023-06-15 10:53:30',1),(152,16,3,NULL,4,NULL,'2023-06-11 00:00:00','2023-06-15 10:53:52','2023-06-15 10:53:52',1),(153,1,3,1,NULL,NULL,'2023-06-18 00:00:00','2023-06-20 17:45:45','2023-06-20 17:45:45',1),(154,2,4,1,NULL,NULL,'2023-06-18 00:00:00','2023-06-20 17:45:59','2023-06-20 17:45:59',1),(155,10,3,1,NULL,NULL,'2023-06-18 00:00:00','2023-06-20 17:46:14','2023-06-20 17:46:14',1),(156,9,3,1,NULL,NULL,'2023-06-18 00:00:00','2023-06-20 17:46:37','2023-06-20 17:46:37',1),(157,30,4,1,NULL,NULL,'2023-06-18 00:00:00','2023-06-20 17:48:55','2023-06-20 17:48:55',1),(158,31,4,1,NULL,NULL,'2023-06-18 00:00:00','2023-06-20 17:49:10','2023-06-20 17:49:10',1),(159,16,3,NULL,3,NULL,'2023-06-18 00:00:00','2023-06-20 17:49:25','2023-06-20 17:49:25',1),(160,18,4,NULL,3,NULL,'2023-06-18 00:00:00','2023-06-20 17:49:39','2023-06-20 17:49:39',1),(161,1,4,1,NULL,NULL,'2023-06-25 00:00:00','2023-06-28 01:24:27','2023-06-28 01:24:27',1),(162,19,4,1,NULL,NULL,'2023-06-25 00:00:00','2023-06-28 01:24:44','2023-06-28 01:24:44',1),(163,12,3,1,NULL,NULL,'2023-06-25 00:00:00','2023-06-28 01:25:02','2023-06-28 01:25:02',1),(164,7,3,2,NULL,NULL,'2023-06-25 00:00:00','2023-06-28 01:25:17','2023-06-28 01:25:17',1),(165,15,4,1,NULL,NULL,'2023-06-25 00:00:00','2023-06-28 01:25:31','2023-06-28 01:25:31',1),(166,20,3,1,NULL,NULL,'2023-06-25 00:00:00','2023-06-28 01:25:55','2023-06-28 01:25:55',1),(167,13,3,1,NULL,NULL,'2023-06-25 00:00:00','2023-06-28 01:26:11','2023-06-28 01:26:11',1),(168,31,4,2,NULL,NULL,'2023-06-25 00:00:00','2023-06-28 01:26:30','2023-06-28 01:26:30',1),(169,17,4,NULL,3,NULL,'2023-06-25 00:00:00','2023-06-28 01:26:45','2023-06-28 01:26:45',1),(170,18,4,NULL,2,NULL,'2023-06-25 00:00:00','2023-06-28 01:26:57','2023-06-28 01:26:57',1),(171,16,3,NULL,5,NULL,'2023-06-25 00:00:00','2023-06-28 01:27:14','2023-06-28 01:27:14',1),(172,1,3,2,NULL,NULL,'2023-07-02 00:00:00','2023-07-05 00:38:39','2023-07-05 00:38:39',1),(173,32,4,1,NULL,NULL,'2023-07-02 00:00:00','2023-07-05 00:39:16','2023-07-05 00:39:16',1),(174,11,3,1,NULL,NULL,'2023-07-02 00:00:00','2023-07-05 00:39:33','2023-07-05 00:39:33',1),(175,33,4,2,NULL,NULL,'2023-07-02 00:00:00','2023-07-05 00:40:09','2023-07-05 00:40:09',1),(176,10,3,1,NULL,NULL,'2023-07-02 00:00:00','2023-07-05 00:40:26','2023-07-05 00:40:26',1),(177,15,4,1,NULL,NULL,'2023-07-02 00:00:00','2023-07-05 00:40:41','2023-07-05 00:40:41',1),(178,16,3,NULL,4,NULL,'2023-07-02 00:00:00','2023-07-05 00:41:41','2023-07-05 00:41:41',1),(179,34,4,NULL,4,NULL,'2023-07-02 00:00:00','2023-07-05 00:42:18','2023-07-05 00:42:18',1),(180,33,3,2,NULL,NULL,'2023-07-08 00:00:00','2023-07-09 11:40:56','2023-07-09 11:40:56',1),(181,28,3,1,NULL,NULL,'2023-07-08 00:00:00','2023-07-09 11:41:12','2023-07-09 11:41:12',1),(182,11,3,1,NULL,NULL,'2023-07-08 00:00:00','2023-07-09 11:41:28','2023-07-09 11:41:28',1),(183,2,4,1,NULL,NULL,'2023-07-08 00:00:00','2023-07-09 11:41:39','2023-07-09 11:41:39',1),(184,15,4,1,NULL,NULL,'2023-07-08 00:00:00','2023-07-09 11:41:57','2023-07-09 11:41:57',1),(185,8,4,1,NULL,NULL,'2023-07-08 00:00:00','2023-07-09 11:42:09','2023-07-09 11:42:09',1),(186,16,3,NULL,3,NULL,'2023-07-08 00:00:00','2023-07-09 11:42:24','2023-07-09 11:42:24',1),(187,18,4,NULL,4,NULL,'2023-07-08 00:00:00','2023-07-09 11:42:38','2023-07-09 11:42:38',1);
/*!40000 ALTER TABLE `jogador_gols` ENABLE KEYS */;
UNLOCK TABLES;

--
-- Table structure for table `jogadores`
--

DROP TABLE IF EXISTS `jogadores`;
/*!40101 SET @saved_cs_client     = @@character_set_client */;
/*!50503 SET character_set_client = utf8mb4 */;
CREATE TABLE `jogadores` (
  `id` int NOT NULL AUTO_INCREMENT,
  `nome` varchar(45) DEFAULT NULL,
  `gols` int DEFAULT '0',
  `created_at` datetime DEFAULT NULL,
  `updated_at` datetime DEFAULT NULL,
  PRIMARY KEY (`id`)
) ENGINE=InnoDB AUTO_INCREMENT=35 DEFAULT CHARSET=utf8mb4 COLLATE=utf8mb4_0900_ai_ci;
/*!40101 SET character_set_client = @saved_cs_client */;

--
-- Dumping data for table `jogadores`
--

LOCK TABLES `jogadores` WRITE;
/*!40000 ALTER TABLE `jogadores` DISABLE KEYS */;
INSERT INTO `jogadores` VALUES (1,'Viquinha',0,'2023-02-20 10:23:27','2023-02-20 10:23:27'),(2,'Val',0,'2023-02-20 10:25:57','2023-02-20 10:25:57'),(3,'Chico',0,'2023-02-20 10:27:12','2023-02-20 10:27:12'),(4,'David',0,'2023-02-20 10:27:51','2023-02-20 10:27:51'),(5,'Valdim',0,'2023-02-20 10:28:50','2023-02-20 10:28:50'),(6,'Diguim',0,'2023-02-20 10:29:38','2023-02-20 10:29:38'),(7,'Niko',0,'2023-02-20 10:29:46','2023-02-20 10:29:46'),(8,'João Vitor',0,'2023-02-20 10:29:56','2023-02-20 10:29:56'),(9,'Murilo',0,'2023-02-20 10:31:59','2023-02-20 10:31:59'),(10,'Fabim',0,'2023-02-20 10:32:22','2023-02-20 10:32:22'),(11,'Marcão',0,'2023-02-20 10:32:35','2023-02-20 10:32:35'),(12,'Wilson',0,'2023-02-20 10:32:53','2023-02-20 10:32:53'),(13,'Leonor',0,'2023-02-20 10:33:01','2023-02-20 10:33:01'),(14,'Pê',0,'2023-02-20 10:33:08','2023-02-20 10:33:08'),(15,'Anselmo',0,'2023-02-20 10:33:15','2023-02-20 10:33:15'),(16,'Gerinha',0,'2023-02-20 10:45:44','2023-02-20 10:45:44'),(17,'Alex',0,'2023-02-20 10:47:11','2023-02-20 10:47:11'),(18,'Tigrão',0,'2023-02-20 10:50:07','2023-02-20 10:50:07'),(19,'Sávio',0,'2023-02-27 00:46:09','2023-02-27 00:46:09'),(20,'Wanderson',0,'2023-02-27 00:48:03','2023-02-27 00:48:03'),(21,'Tony',0,'2023-03-06 00:58:55','2023-03-06 00:58:55'),(22,'Pira',0,'2023-03-06 01:01:40','2023-03-06 01:01:40'),(23,'Weberson',0,'2023-03-13 00:54:33','2023-03-13 00:54:33'),(24,'Natinha',0,'2023-04-03 11:19:34','2023-04-03 11:19:34'),(25,'Decona',0,'2023-04-03 11:20:19','2023-04-03 11:20:19'),(26,'Ricardo',0,'2023-04-10 13:03:16','2023-04-10 13:03:16'),(27,'Emerson',0,'2023-04-24 18:08:37','2023-04-24 18:08:37'),(28,'Willian',0,'2023-05-08 13:01:35','2023-05-08 13:01:35'),(29,'Marcio',0,'2023-05-31 01:56:59','2023-05-31 01:56:59'),(30,'Ray',0,'2023-06-20 17:48:26','2023-06-20 17:48:26'),(31,'Té',0,'2023-06-20 17:48:38','2023-06-20 17:48:38'),(32,'Deguinha',0,'2023-07-05 00:39:02','2023-07-05 00:39:02'),(33,'Samuel',0,'2023-07-05 00:39:54','2023-07-05 00:39:54'),(34,'Romário',0,'2023-07-05 00:42:02','2023-07-05 00:42:02');
/*!40000 ALTER TABLE `jogadores` ENABLE KEYS */;
UNLOCK TABLES;

--
-- Table structure for table `temporadas`
--

DROP TABLE IF EXISTS `temporadas`;
/*!40101 SET @saved_cs_client     = @@character_set_client */;
/*!50503 SET character_set_client = utf8mb4 */;
CREATE TABLE `temporadas` (
  `id` int NOT NULL AUTO_INCREMENT,
  `nome` varchar(100) DEFAULT NULL,
  `created_at` datetime DEFAULT NULL,
  `updated_at` datetime DEFAULT NULL,
  PRIMARY KEY (`id`)
) ENGINE=InnoDB AUTO_INCREMENT=3 DEFAULT CHARSET=utf8mb4 COLLATE=utf8mb4_0900_ai_ci;
/*!40101 SET character_set_client = @saved_cs_client */;

--
-- Dumping data for table `temporadas`
--

LOCK TABLES `temporadas` WRITE;
/*!40000 ALTER TABLE `temporadas` DISABLE KEYS */;
INSERT INTO `temporadas` VALUES (1,'2021/2022',NULL,NULL),(2,'2022/2023',NULL,NULL);
/*!40000 ALTER TABLE `temporadas` ENABLE KEYS */;
UNLOCK TABLES;
/*!40103 SET TIME_ZONE=@OLD_TIME_ZONE */;

/*!40101 SET SQL_MODE=@OLD_SQL_MODE */;
/*!40014 SET FOREIGN_KEY_CHECKS=@OLD_FOREIGN_KEY_CHECKS */;
/*!40014 SET UNIQUE_CHECKS=@OLD_UNIQUE_CHECKS */;
/*!40101 SET CHARACTER_SET_CLIENT=@OLD_CHARACTER_SET_CLIENT */;
/*!40101 SET CHARACTER_SET_RESULTS=@OLD_CHARACTER_SET_RESULTS */;
/*!40101 SET COLLATION_CONNECTION=@OLD_COLLATION_CONNECTION */;
/*!40111 SET SQL_NOTES=@OLD_SQL_NOTES */;

-- Dump completed on 2023-07-12 23:15:11
